0,1,2,3,4
0.0,2.0,13.418296034103,77.448974609375,0.0
0.0,1.0,19.098331205345307,77.448974609375,0.0
1.0,2.0,6.207861242064092,77.448974609375,0.0
1.0,0.0,19.098331205345307,77.448974609375,0.0
2.0,1.0,6.207861242064092,77.448974609375,0.0
2.0,0.0,13.418296034103,77.448974609375,0.0
3.0,5.0,18.80777194942325,108.20086669921875,1.0
3.0,4.0,21.325957716013285,108.20086669921875,1.0
4.0,5.0,13.966704517219629,108.20086669921875,1.0
4.0,3.0,21.325957716013285,108.20086669921875,1.0
5.0,4.0,13.966704517219629,108.20086669921875,1.0
5.0,3.0,18.80777194942325,108.20086669921875,1.0
6.0,8.0,10.479849268168916,87.12556457519531,2.0
6.0,7.0,21.24279651744123,87.12556457519531,2.0
7.0,8.0,11.840136315719382,87.12556457519531,2.0
7.0,6.0,21.24279651744123,87.12556457519531,2.0
8.0,6.0,10.479849268168916,87.12556457519531,2.0
8.0,7.0,11.840136315719382,87.12556457519531,2.0
9.0,10.0,14.483600415293804,161.2890167236328,3.0
9.0,11.0,26.779329341195698,161.2890167236328,3.0
10.0,9.0,14.483600415293804,161.2890167236328,3.0
10.0,11.0,39.381577150360116,161.2890167236328,3.0
11.0,9.0,26.779329341195698,161.2890167236328,3.0
11.0,10.0,39.381577150360116,161.2890167236328,3.0
12.0,14.0,18.914788788930963,140.80409240722656,4.0
12.0,13.0,26.20372703884932,140.80409240722656,4.0
13.0,14.0,25.283529579219575,140.80409240722656,4.0
13.0,12.0,26.20372703884932,140.80409240722656,4.0
14.0,12.0,18.914788788930963,140.80409240722656,4.0
14.0,13.0,25.283529579219575,140.80409240722656,4.0
15.0,17.0,7.275965498380045,114.9598159790039,5.0
15.0,16.0,21.828783538746812,114.9598159790039,5.0
16.0,15.0,21.828783538746812,114.9598159790039,5.0
16.0,17.0,28.375160615671433,114.9598159790039,5.0
17.0,15.0,7.275965498380045,114.9598159790039,5.0
17.0,16.0,28.375160615671433,114.9598159790039,5.0
18.0,20.0,14.73838020358979,111.64657592773438,6.0
18.0,19.0,22.592786240193565,111.64657592773438,6.0
19.0,20.0,18.49212179312208,111.64657592773438,6.0
19.0,18.0,22.592786240193565,111.64657592773438,6.0
20.0,18.0,14.73838020358979,111.64657592773438,6.0
20.0,19.0,18.49212179312208,111.64657592773438,6.0
21.0,22.0,22.76383045835696,137.5458526611328,7.0
21.0,23.0,27.93095880286498,137.5458526611328,7.0
22.0,23.0,18.078135853575443,137.5458526611328,7.0
22.0,21.0,22.76383045835696,137.5458526611328,7.0
23.0,22.0,18.078135853575443,137.5458526611328,7.0
23.0,21.0,27.93095880286498,137.5458526611328,7.0
24.0,25.0,14.177132605279251,173.39271545410156,8.0
24.0,26.0,33.134300030723935,173.39271545410156,8.0
25.0,24.0,14.177132605279251,173.39271545410156,8.0
25.0,26.0,39.38492491080575,173.39271545410156,8.0
26.0,24.0,33.134300030723935,173.39271545410156,8.0
26.0,25.0,39.38492491080575,173.39271545410156,8.0
27.0,29.0,11.514629114471244,90.83651733398438,9.0
27.0,28.0,19.627855047914174,90.83651733398438,9.0
28.0,29.0,14.275775046126801,90.83651733398438,9.0
28.0,27.0,19.627855047914174,90.83651733398438,9.0
29.0,27.0,11.514629114471244,90.83651733398438,9.0
29.0,28.0,14.275775046126801,90.83651733398438,9.0
30.0,32.0,15.630911027806613,146.83103942871094,10.0
30.0,31.0,36.70775974400552,146.83103942871094,10.0
31.0,32.0,21.07684871619891,146.83103942871094,10.0
31.0,30.0,36.70775974400552,146.83103942871094,10.0
32.0,30.0,15.630911027806613,146.83103942871094,10.0
32.0,31.0,21.07684871619891,146.83103942871094,10.0
33.0,35.0,22.329591149995778,131.89857482910156,11.0
33.0,34.0,25.118737969978593,131.89857482910156,11.0
34.0,35.0,18.500958002507012,131.89857482910156,11.0
34.0,33.0,25.118737969978593,131.89857482910156,11.0
35.0,34.0,18.500958002507012,131.89857482910156,11.0
35.0,33.0,22.329591149995778,131.89857482910156,11.0
36.0,38.0,32.85769202089835,176.8109588623047,12.0
36.0,37.0,44.20273994218809,176.8109588623047,12.0
37.0,38.0,11.345047921289739,176.8109588623047,12.0
37.0,36.0,44.20273994218809,176.8109588623047,12.0
38.0,37.0,11.345047921289739,176.8109588623047,12.0
38.0,36.0,32.85769202089835,176.8109588623047,12.0
39.0,41.0,12.848284374900125,110.3471450805664,13.0
39.0,40.0,17.330625547689124,110.3471450805664,13.0
40.0,39.0,17.330625547689124,110.3471450805664,13.0
40.0,41.0,24.994662739846362,110.3471450805664,13.0
41.0,39.0,12.848284374900125,110.3471450805664,13.0
41.0,40.0,24.994662739846362,110.3471450805664,13.0
42.0,43.0,15.773900935289912,115.9969482421875,14.0
42.0,44.0,20.70979775002868,115.9969482421875,14.0
43.0,42.0,15.773900935289912,115.9969482421875,14.0
43.0,44.0,21.514775136278942,115.9969482421875,14.0
44.0,42.0,20.70979775002868,115.9969482421875,14.0
44.0,43.0,21.514775136278942,115.9969482421875,14.0
45.0,46.0,8.194796748410516,91.94071197509766,15.0
45.0,47.0,15.45919608692131,91.94071197509766,15.0
46.0,45.0,8.194796748410516,91.94071197509766,15.0
46.0,47.0,22.316364382319016,91.94071197509766,15.0
47.0,45.0,15.45919608692131,91.94071197509766,15.0
47.0,46.0,22.316364382319016,91.94071197509766,15.0
48.0,50.0,15.85057224210781,138.04794311523438,16.0
48.0,49.0,30.47848054317864,138.04794311523438,16.0
49.0,50.0,22.694915598882186,138.04794311523438,16.0
49.0,48.0,30.47848054317864,138.04794311523438,16.0
50.0,48.0,15.85057224210781,138.04794311523438,16.0
50.0,49.0,22.694915598882186,138.04794311523438,16.0
51.0,53.0,11.165724785577485,120.6363296508789,17.0
51.0,52.0,30.158996463973004,120.6363296508789,17.0
52.0,53.0,18.993444018549674,120.6363296508789,17.0
52.0,51.0,30.158996463973004,120.6363296508789,17.0
53.0,51.0,11.165724785577485,120.6363296508789,17.0
53.0,52.0,18.993444018549674,120.6363296508789,17.0
54.0,56.0,18.159082421360225,122.60962677001953,18.0
54.0,55.0,21.173573043959745,122.60962677001953,18.0
55.0,54.0,21.173573043959745,122.60962677001953,18.0
55.0,56.0,21.972157038632286,122.60962677001953,18.0
56.0,54.0,18.159082421360225,122.60962677001953,18.0
56.0,55.0,21.972157038632286,122.60962677001953,18.0
57.0,59.0,19.213032109354593,149.60617065429688,19.0
57.0,58.0,22.305654648645053,149.60617065429688,19.0
58.0,57.0,22.305654648645053,149.60617065429688,19.0
58.0,59.0,33.28440204578412,149.60617065429688,19.0
59.0,57.0,19.213032109354593,149.60617065429688,19.0
59.0,58.0,33.28440204578412,149.60617065429688,19.0
60.0,61.0,6.631629212578661,227.35693359375,20.0
60.0,62.0,18.755592720744595,227.35693359375,20.0
60.0,63.0,20.341432452173652,227.35693359375,20.0
61.0,60.0,6.631629212578661,227.35693359375,20.0
61.0,63.0,18.736066949696333,227.35693359375,20.0
61.0,62.0,22.05991675899848,227.35693359375,20.0
62.0,60.0,18.755592720744595,227.35693359375,20.0
62.0,61.0,22.05991675899848,227.35693359375,20.0
62.0,63.0,27.15383180648401,227.35693359375,20.0
63.0,61.0,18.736066949696333,227.35693359375,20.0
63.0,60.0,20.341432452173652,227.35693359375,20.0
63.0,62.0,27.15383180648401,227.35693359375,20.0
64.0,66.0,16.506784866432177,257.5791931152344,21.0
64.0,65.0,25.353603366870338,257.5791931152344,21.0
64.0,67.0,27.971669514812834,257.5791931152344,21.0
65.0,67.0,20.78551135357757,257.5791931152344,21.0
65.0,66.0,22.622411742982962,257.5791931152344,21.0
65.0,64.0,25.353603366870338,257.5791931152344,21.0
66.0,67.0,15.549618420687716,257.5791931152344,21.0
66.0,64.0,16.506784866432177,257.5791931152344,21.0
66.0,65.0,22.622411742982962,257.5791931152344,21.0
67.0,66.0,15.549618420687716,257.5791931152344,21.0
67.0,65.0,20.78551135357757,257.5791931152344,21.0
67.0,64.0,27.971669514812834,257.5791931152344,21.0
68.0,69.0,5.204286477964445,218.09091186523438,22.0
68.0,71.0,20.187304547592177,218.09091186523438,22.0
68.0,70.0,24.914058145777794,218.09091186523438,22.0
69.0,68.0,5.204286477964445,218.09091186523438,22.0
69.0,71.0,21.0439444413186,218.09091186523438,22.0
69.0,70.0,25.770698039504218,218.09091186523438,22.0
70.0,71.0,11.925167599425102,218.09091186523438,22.0
70.0,68.0,24.914058145777794,218.09091186523438,22.0
70.0,69.0,25.770698039504218,218.09091186523438,22.0
71.0,70.0,11.925167599425102,218.09091186523438,22.0
71.0,68.0,20.187304547592177,218.09091186523438,22.0
71.0,69.0,21.0439444413186,218.09091186523438,22.0
72.0,75.0,9.715528949253756,225.29132080078125,23.0
72.0,74.0,11.133088711076764,225.29132080078125,23.0
72.0,73.0,23.439140728230235,225.29132080078125,23.0
73.0,75.0,21.954131838961818,225.29132080078125,23.0
73.0,72.0,23.439140728230235,225.29132080078125,23.0
73.0,74.0,25.555148773971,225.29132080078125,23.0
74.0,72.0,11.133088711076764,225.29132080078125,23.0
74.0,75.0,20.848617660330518,225.29132080078125,23.0
74.0,73.0,25.555148773971,225.29132080078125,23.0
75.0,72.0,9.715528949253756,225.29132080078125,23.0
75.0,74.0,20.848617660330518,225.29132080078125,23.0
75.0,73.0,21.954131838961818,225.29132080078125,23.0
76.0,77.0,12.245099118804024,280.6180419921875,24.0
76.0,78.0,19.92998997047597,280.6180419921875,24.0
76.0,79.0,27.641995854797155,280.6180419921875,24.0
77.0,76.0,12.245099118804024,280.6180419921875,24.0
77.0,79.0,23.214731815703402,280.6180419921875,24.0
77.0,78.0,32.17508908927999,280.6180419921875,24.0
78.0,76.0,19.92998997047597,280.6180419921875,24.0
78.0,79.0,25.10211745731761,280.6180419921875,24.0
78.0,77.0,32.17508908927999,280.6180419921875,24.0
79.0,77.0,23.214731815703402,280.6180419921875,24.0
79.0,78.0,25.10211745731761,280.6180419921875,24.0
79.0,76.0,27.641995854797155,280.6180419921875,24.0
80.0,81.0,5.364913379187032,217.6699981689453,25.0
80.0,83.0,22.325495606532268,217.6699981689453,25.0
80.0,82.0,25.497440458800597,217.6699981689453,25.0
81.0,80.0,5.364913379187032,217.6699981689453,25.0
81.0,83.0,18.078969974760746,217.6699981689453,25.0
81.0,82.0,23.024119300872158,217.6699981689453,25.0
82.0,83.0,14.544058595550426,217.6699981689453,25.0
82.0,81.0,23.024119300872158,217.6699981689453,25.0
82.0,80.0,25.497440458800597,217.6699981689453,25.0
83.0,82.0,14.544058595550426,217.6699981689453,25.0
83.0,81.0,18.078969974760746,217.6699981689453,25.0
83.0,80.0,22.325495606532268,217.6699981689453,25.0
84.0,86.0,22.02657335704215,211.30787658691406,26.0
84.0,87.0,22.809036680104022,211.30787658691406,26.0
84.0,85.0,30.097396553165275,211.30787658691406,26.0
85.0,87.0,12.5297318652189,211.30787658691406,26.0
85.0,86.0,14.133235451405136,211.30787658691406,26.0
85.0,84.0,30.097396553165275,211.30787658691406,26.0
86.0,87.0,4.057966518807478,211.30787658691406,26.0
86.0,85.0,14.133235451405136,211.30787658691406,26.0
86.0,84.0,22.02657335704215,211.30787658691406,26.0
87.0,86.0,4.057966518807478,211.30787658691406,26.0
87.0,85.0,12.5297318652189,211.30787658691406,26.0
87.0,84.0,22.809036680104022,211.30787658691406,26.0
88.0,89.0,10.686279925260289,189.06968688964844,27.0
88.0,91.0,21.14282521732101,189.06968688964844,27.0
88.0,90.0,21.732236411780633,189.06968688964844,27.0
89.0,88.0,10.686279925260289,189.06968688964844,27.0
89.0,91.0,13.335931500227469,189.06968688964844,27.0
89.0,90.0,19.964992040888756,189.06968688964844,27.0
90.0,91.0,7.672577145262595,189.06968688964844,27.0
90.0,89.0,19.964992040888756,189.06968688964844,27.0
90.0,88.0,21.732236411780633,189.06968688964844,27.0
91.0,90.0,7.672577145262595,189.06968688964844,27.0
91.0,89.0,13.335931500227469,189.06968688964844,27.0
91.0,88.0,21.14282521732101,189.06968688964844,27.0
92.0,95.0,18.233713893157088,330.7580871582031,28.0
92.0,93.0,30.15197533847026,330.7580871582031,28.0
92.0,94.0,33.16033048895737,330.7580871582031,28.0
93.0,92.0,30.15197533847026,330.7580871582031,28.0
93.0,94.0,31.903798079890215,330.7580871582031,28.0
93.0,95.0,37.002607677485756,330.7580871582031,28.0
94.0,95.0,14.92661659580028,330.7580871582031,28.0
94.0,93.0,31.903798079890215,330.7580871582031,28.0
94.0,92.0,33.16033048895737,330.7580871582031,28.0
95.0,94.0,14.92661659580028,330.7580871582031,28.0
95.0,92.0,18.233713893157088,330.7580871582031,28.0
95.0,93.0,37.002607677485756,330.7580871582031,28.0
96.0,98.0,13.318399324617221,222.40545654296875,29.0
96.0,97.0,14.618371106413177,222.40545654296875,29.0
96.0,99.0,19.25036982847153,222.40545654296875,29.0
97.0,96.0,14.618371106413177,222.40545654296875,29.0
97.0,98.0,16.131686974999248,222.40545654296875,29.0
97.0,99.0,32.00779326259892,222.40545654296875,29.0
98.0,96.0,13.318399324617221,222.40545654296875,29.0
98.0,99.0,15.876106287599672,222.40545654296875,29.0
98.0,97.0,16.131686974999248,222.40545654296875,29.0
99.0,98.0,15.876106287599672,222.40545654296875,29.0
99.0,96.0,19.25036982847153,222.40545654296875,29.0
99.0,97.0,32.00779326259892,222.40545654296875,29.0
100.0,102.0,27.212477617760424,255.947021484375,30.0
100.0,103.0,29.68009434876847,255.947021484375,30.0
100.0,101.0,34.3843932153567,255.947021484375,30.0
101.0,103.0,10.438141950001226,255.947021484375,30.0
101.0,102.0,13.783665581205799,255.947021484375,30.0
101.0,100.0,34.3843932153567,255.947021484375,30.0
102.0,103.0,12.474735313612879,255.947021484375,30.0
102.0,101.0,13.783665581205799,255.947021484375,30.0
102.0,100.0,27.212477617760424,255.947021484375,30.0
103.0,101.0,10.438141950001226,255.947021484375,30.0
103.0,102.0,12.474735313612879,255.947021484375,30.0
103.0,100.0,29.68009434876847,255.947021484375,30.0
104.0,106.0,33.56911970671934,317.9902648925781,31.0
104.0,107.0,43.36133103165173,317.9902648925781,31.0
104.0,105.0,44.79283388146935,317.9902648925781,31.0
105.0,107.0,6.5630240832140005,317.9902648925781,31.0
105.0,106.0,12.072898281725962,317.9902648925781,31.0
105.0,104.0,44.79283388146935,317.9902648925781,31.0
106.0,105.0,12.072898281725962,317.9902648925781,31.0
106.0,107.0,18.63592236493996,317.9902648925781,31.0
106.0,104.0,33.56911970671934,317.9902648925781,31.0
107.0,105.0,6.5630240832140005,317.9902648925781,31.0
107.0,106.0,18.63592236493996,317.9902648925781,31.0
107.0,104.0,43.36133103165173,317.9902648925781,31.0
108.0,109.0,11.380808644979872,276.20819091796875,32.0
108.0,111.0,17.50769486463492,276.20819091796875,32.0
108.0,110.0,23.28853738222149,276.20819091796875,32.0
109.0,108.0,11.380808644979872,276.20819091796875,32.0
109.0,110.0,25.141479304755716,276.20819091796875,32.0
109.0,111.0,28.888503509614793,276.20819091796875,32.0
110.0,108.0,23.28853738222149,276.20819091796875,32.0
110.0,109.0,25.141479304755716,276.20819091796875,32.0
110.0,111.0,31.897072812306064,276.20819091796875,32.0
111.0,108.0,17.50769486463492,276.20819091796875,32.0
111.0,109.0,28.888503509614793,276.20819091796875,32.0
111.0,110.0,31.897072812306064,276.20819091796875,32.0
112.0,115.0,16.174593761420144,216.26486206054688,33.0
112.0,113.0,18.171011594127513,216.26486206054688,33.0
112.0,114.0,21.24545814424512,216.26486206054688,33.0
113.0,115.0,15.411729913018934,216.26486206054688,33.0
113.0,114.0,15.632520815517298,216.26486206054688,33.0
113.0,112.0,18.171011594127513,216.26486206054688,33.0
114.0,113.0,15.632520815517298,216.26486206054688,33.0
114.0,112.0,21.24545814424512,216.26486206054688,33.0
114.0,115.0,21.497115684663658,216.26486206054688,33.0
115.0,113.0,15.411729913018934,216.26486206054688,33.0
115.0,112.0,16.174593761420144,216.26486206054688,33.0
115.0,114.0,21.497115684663658,216.26486206054688,33.0
116.0,118.0,19.944973263628853,310.685302734375,34.0
116.0,119.0,39.13288764528135,310.685302734375,34.0
116.0,117.0,43.48051590388093,310.685302734375,34.0
117.0,119.0,10.060823433061273,310.685302734375,34.0
117.0,118.0,23.535542640252075,310.685302734375,34.0
117.0,116.0,43.48051590388093,310.685302734375,34.0
118.0,119.0,19.187914381652497,310.685302734375,34.0
118.0,116.0,19.944973263628853,310.685302734375,34.0
118.0,117.0,23.535542640252075,310.685302734375,34.0
119.0,117.0,10.060823433061273,310.685302734375,34.0
119.0,118.0,19.187914381652497,310.685302734375,34.0
119.0,116.0,39.13288764528135,310.685302734375,34.0
120.0,121.0,13.768190753471718,212.32089233398438,35.0
120.0,122.0,21.29763149247523,212.32089233398438,35.0
120.0,123.0,29.161406663169167,212.32089233398438,35.0
121.0,120.0,13.768190753471718,212.32089233398438,35.0
121.0,123.0,15.39321590969745,212.32089233398438,35.0
121.0,122.0,16.80362091824278,212.32089233398438,35.0
122.0,123.0,9.736383028947005,212.32089233398438,35.0
122.0,121.0,16.80362091824278,212.32089233398438,35.0
122.0,120.0,21.29763149247523,212.32089233398438,35.0
123.0,122.0,9.736383028947005,212.32089233398438,35.0
123.0,121.0,15.39321590969745,212.32089233398438,35.0
123.0,120.0,29.161406663169167,212.32089233398438,35.0
124.0,125.0,15.354628367587337,233.55364990234375,36.0
124.0,127.0,15.76674387947639,233.55364990234375,36.0
124.0,126.0,25.401550046220855,233.55364990234375,36.0
125.0,124.0,15.354628367587337,233.55364990234375,36.0
125.0,127.0,19.544037171668325,233.55364990234375,36.0
125.0,126.0,24.600998158468798,233.55364990234375,36.0
126.0,127.0,16.108864051985115,233.55364990234375,36.0
126.0,125.0,24.600998158468798,233.55364990234375,36.0
126.0,124.0,25.401550046220855,233.55364990234375,36.0
127.0,124.0,15.76674387947639,233.55364990234375,36.0
127.0,126.0,16.108864051985115,233.55364990234375,36.0
127.0,125.0,19.544037171668325,233.55364990234375,36.0
128.0,131.0,9.361435534738998,228.21759033203125,37.0
128.0,129.0,20.706009287790582,228.21759033203125,37.0
128.0,130.0,24.11404063448296,228.21759033203125,37.0
129.0,131.0,17.364736896128544,228.21759033203125,37.0
129.0,128.0,20.706009287790582,228.21759033203125,37.0
129.0,130.0,24.33585486104328,228.21759033203125,37.0
130.0,131.0,18.226717868321114,228.21759033203125,37.0
130.0,128.0,24.11404063448296,228.21759033203125,37.0
130.0,129.0,24.33585486104328,228.21759033203125,37.0
131.0,128.0,9.361435534738998,228.21759033203125,37.0
131.0,129.0,17.364736896128544,228.21759033203125,37.0
131.0,130.0,18.226717868321114,228.21759033203125,37.0
132.0,134.0,10.677332769467254,281.53070068359375,38.0
132.0,135.0,22.942883420771444,281.53070068359375,38.0
132.0,133.0,28.610316873758222,281.53070068359375,38.0
133.0,135.0,18.60502323569454,281.53070068359375,38.0
133.0,132.0,28.610316873758222,281.53070068359375,38.0
133.0,134.0,32.79861067605411,281.53070068359375,38.0
134.0,132.0,10.677332769467254,281.53070068359375,38.0
134.0,135.0,27.131177223067326,281.53070068359375,38.0
134.0,133.0,32.79861067605411,281.53070068359375,38.0
135.0,133.0,18.60502323569454,281.53070068359375,38.0
135.0,132.0,22.942883420771444,281.53070068359375,38.0
135.0,134.0,27.131177223067326,281.53070068359375,38.0
136.0,137.0,9.903975428239539,191.59063720703125,39.0
136.0,138.0,10.87440651710274,191.59063720703125,39.0
136.0,139.0,20.225972198256553,191.59063720703125,39.0
137.0,136.0,9.903975428239539,191.59063720703125,39.0
137.0,139.0,13.378475942784982,191.59063720703125,39.0
137.0,138.0,15.545245705689176,191.59063720703125,39.0
138.0,136.0,10.87440651710274,191.59063720703125,39.0
138.0,137.0,15.545245705689176,191.59063720703125,39.0
138.0,139.0,25.867242475706192,191.59063720703125,39.0
139.0,137.0,13.378475942784982,191.59063720703125,39.0
139.0,136.0,20.225972198256553,191.59063720703125,39.0
139.0,138.0,25.867242475706192,191.59063720703125,39.0
140.0,144.0,17.522433597781426,419.7043151855469,40.0
140.0,142.0,18.131415964154662,419.7043151855469,40.0
140.0,143.0,18.87293278394178,419.7043151855469,40.0
140.0,141.0,33.457287120186024,419.7043151855469,40.0
141.0,142.0,15.511329758034925,419.7043151855469,40.0
141.0,144.0,21.480536395403497,419.7043151855469,40.0
141.0,143.0,27.145482356590325,419.7043151855469,40.0
141.0,140.0,33.457287120186024,419.7043151855469,40.0
142.0,143.0,11.819611200558963,419.7043151855469,40.0
142.0,141.0,15.511329758034925,419.7043151855469,40.0
142.0,140.0,18.131415964154662,419.7043151855469,40.0
142.0,144.0,19.087224873108987,419.7043151855469,40.0
143.0,142.0,11.819611200558963,419.7043151855469,40.0
143.0,140.0,18.87293278394178,419.7043151855469,40.0
143.0,144.0,26.823910038503683,419.7043151855469,40.0
143.0,141.0,27.145482356590325,419.7043151855469,40.0
144.0,140.0,17.522433597781426,419.7043151855469,40.0
144.0,142.0,19.087224873108987,419.7043151855469,40.0
144.0,141.0,21.480536395403497,419.7043151855469,40.0
144.0,143.0,26.823910038503683,419.7043151855469,40.0
145.0,146.0,12.663862895876047,317.3028259277344,41.0
145.0,149.0,13.718239268008766,317.3028259277344,41.0
145.0,148.0,16.618780992286855,317.3028259277344,41.0
145.0,147.0,18.71523931589558,317.3028259277344,41.0
146.0,149.0,6.6895396363089255,317.3028259277344,41.0
146.0,145.0,12.663862895876047,317.3028259277344,41.0
146.0,148.0,14.309681847774076,317.3028259277344,41.0
146.0,147.0,20.688527175962,317.3028259277344,41.0
147.0,149.0,16.5575809419456,317.3028259277344,41.0
147.0,145.0,18.71523931589558,317.3028259277344,41.0
147.0,146.0,20.688527175962,317.3028259277344,41.0
147.0,148.0,27.20410912487864,317.3028259277344,41.0
148.0,149.0,11.485845040016821,317.3028259277344,41.0
148.0,146.0,14.309681847774076,317.3028259277344,41.0
148.0,145.0,16.618780992286855,317.3028259277344,41.0
148.0,147.0,27.20410912487864,317.3028259277344,41.0
149.0,146.0,6.6895396363089255,317.3028259277344,41.0
149.0,148.0,11.485845040016821,317.3028259277344,41.0
149.0,145.0,13.718239268008766,317.3028259277344,41.0
149.0,147.0,16.5575809419456,317.3028259277344,41.0
150.0,151.0,23.456214532345527,549.1289672851562,42.0
150.0,154.0,28.282509258442687,549.1289672851562,42.0
150.0,153.0,31.378984740728974,549.1289672851562,42.0
150.0,152.0,36.76406695104038,549.1289672851562,42.0
151.0,154.0,9.15170292661016,549.1289672851562,42.0
151.0,150.0,23.456214532345527,549.1289672851562,42.0
151.0,153.0,30.588817970221996,549.1289672851562,42.0
151.0,152.0,34.55715339977793,549.1289672851562,42.0
152.0,153.0,8.40325663445477,549.1289672851562,42.0
152.0,151.0,34.55715339977793,549.1289672851562,42.0
152.0,150.0,36.76406695104038,549.1289672851562,42.0
152.0,154.0,37.97505343458495,549.1289672851562,42.0
153.0,152.0,8.40325663445477,549.1289672851562,42.0
153.0,151.0,30.588817970221996,549.1289672851562,42.0
153.0,150.0,31.378984740728974,549.1289672851562,42.0
153.0,154.0,34.00671800502902,549.1289672851562,42.0
154.0,151.0,9.15170292661016,549.1289672851562,42.0
154.0,150.0,28.282509258442687,549.1289672851562,42.0
154.0,153.0,34.00671800502902,549.1289672851562,42.0
154.0,152.0,37.97505343458495,549.1289672851562,42.0
155.0,156.0,6.751552317897283,425.1897888183594,43.0
155.0,157.0,16.489429280966696,425.1897888183594,43.0
155.0,159.0,25.69871812931612,425.1897888183594,43.0
155.0,158.0,33.20448216041898,425.1897888183594,43.0
156.0,155.0,6.751552317897283,425.1897888183594,43.0
156.0,157.0,12.333734021791471,425.1897888183594,43.0
156.0,159.0,22.046530260043546,425.1897888183594,43.0
156.0,158.0,29.94036839193036,425.1897888183594,43.0
157.0,156.0,12.333734021791471,425.1897888183594,43.0
157.0,155.0,16.489429280966696,425.1897888183594,43.0
157.0,158.0,21.657433958874577,425.1897888183594,43.0
157.0,159.0,31.070604382491556,425.1897888183594,43.0
158.0,159.0,13.402048994255054,425.1897888183594,43.0
158.0,157.0,21.657433958874577,425.1897888183594,43.0
158.0,156.0,29.94036839193036,425.1897888183594,43.0
158.0,155.0,33.20448216041898,425.1897888183594,43.0
159.0,158.0,13.402048994255054,425.1897888183594,43.0
159.0,156.0,22.046530260043546,425.1897888183594,43.0
159.0,155.0,25.69871812931612,425.1897888183594,43.0
159.0,157.0,31.070604382491556,425.1897888183594,43.0
160.0,164.0,3.213813120419217,381.97772216796875,44.0
160.0,162.0,14.37449106023737,381.97772216796875,44.0
160.0,163.0,19.742410263855163,381.97772216796875,44.0
160.0,161.0,20.830485413040652,381.97772216796875,44.0
161.0,160.0,20.830485413040652,381.97772216796875,44.0
161.0,164.0,24.035261784875203,381.97772216796875,44.0
161.0,163.0,26.388948943003655,381.97772216796875,44.0
161.0,162.0,27.615143453175783,381.97772216796875,44.0
162.0,164.0,14.185933611101657,381.97772216796875,44.0
162.0,160.0,14.37449106023737,381.97772216796875,44.0
162.0,163.0,21.039482670526965,381.97772216796875,44.0
162.0,161.0,27.615143453175783,381.97772216796875,44.0
163.0,164.0,19.562889563304118,381.97772216796875,44.0
163.0,160.0,19.742410263855163,381.97772216796875,44.0
163.0,162.0,21.039482670526965,381.97772216796875,44.0
163.0,161.0,26.388948943003655,381.97772216796875,44.0
164.0,160.0,3.213813120419217,381.97772216796875,44.0
164.0,162.0,14.185933611101657,381.97772216796875,44.0
164.0,163.0,19.562889563304118,381.97772216796875,44.0
164.0,161.0,24.035261784875203,381.97772216796875,44.0
165.0,166.0,11.40899519854352,484.0868225097656,45.0
165.0,168.0,31.749335991657844,484.0868225097656,45.0
165.0,169.0,36.03304777244101,484.0868225097656,45.0
165.0,167.0,36.091278266386425,484.0868225097656,45.0
166.0,165.0,11.40899519854352,484.0868225097656,45.0
166.0,169.0,24.62405257389749,484.0868225097656,45.0
166.0,167.0,24.920512313613003,484.0868225097656,45.0
166.0,168.0,27.06875975338103,484.0868225097656,45.0
167.0,168.0,13.107428792506822,484.0868225097656,45.0
167.0,169.0,18.765037783568484,484.0868225097656,45.0
167.0,166.0,24.920512313613003,484.0868225097656,45.0
167.0,165.0,36.091278266386425,484.0868225097656,45.0
168.0,167.0,13.107428792506822,484.0868225097656,45.0
168.0,169.0,18.274967973694675,484.0868225097656,45.0
168.0,166.0,27.06875975338103,484.0868225097656,45.0
168.0,165.0,31.749335991657844,484.0868225097656,45.0
169.0,168.0,18.274967973694675,484.0868225097656,45.0
169.0,167.0,18.765037783568484,484.0868225097656,45.0
169.0,166.0,24.62405257389749,484.0868225097656,45.0
169.0,165.0,36.03304777244101,484.0868225097656,45.0
170.0,173.0,13.83864540594097,433.6651916503906,46.0
170.0,171.0,20.103905910766873,433.6651916503906,46.0
170.0,174.0,21.49701543133973,433.6651916503906,46.0
170.0,172.0,21.67578330797341,433.6651916503906,46.0
171.0,170.0,20.103905910766873,433.6651916503906,46.0
171.0,173.0,20.582621705209448,433.6651916503906,46.0
171.0,174.0,22.249059963039564,433.6651916503906,46.0
171.0,172.0,29.173842416572853,433.6651916503906,46.0
172.0,174.0,13.438963118536098,433.6651916503906,46.0
172.0,170.0,21.67578330797341,433.6651916503906,46.0
172.0,173.0,23.968669686040297,433.6651916503906,46.0
172.0,171.0,29.173842416572853,433.6651916503906,46.0
173.0,170.0,13.83864540594097,433.6651916503906,46.0
173.0,171.0,20.582621705209448,433.6651916503906,46.0
173.0,172.0,23.968669686040297,433.6651916503906,46.0
173.0,174.0,30.304082474409427,433.6651916503906,46.0
174.0,172.0,13.438963118536098,433.6651916503906,46.0
174.0,170.0,21.49701543133973,433.6651916503906,46.0
174.0,171.0,22.249059963039564,433.6651916503906,46.0
174.0,173.0,30.304082474409427,433.6651916503906,46.0
175.0,177.0,11.624888780240465,397.0965270996094,47.0
175.0,178.0,15.485115402540757,397.0965270996094,47.0
175.0,176.0,21.152423977061737,397.0965270996094,47.0
175.0,179.0,33.2458086003935,397.0965270996094,47.0
176.0,177.0,11.67856131427751,397.0965270996094,47.0
176.0,178.0,16.544147315963052,397.0965270996094,47.0
176.0,175.0,21.152423977061737,397.0965270996094,47.0
176.0,179.0,27.554928339687457,397.0965270996094,47.0
177.0,175.0,11.624888780240465,397.0965270996094,47.0
177.0,176.0,11.67856131427751,397.0965270996094,47.0
177.0,178.0,16.245457919195545,397.0965270996094,47.0
177.0,179.0,27.25623894291995,397.0965270996094,47.0
178.0,175.0,15.485115402540757,397.0965270996094,47.0
178.0,177.0,16.245457919195545,397.0965270996094,47.0
178.0,176.0,16.544147315963052,397.0965270996094,47.0
178.0,179.0,17.760693197852742,397.0965270996094,47.0
179.0,178.0,17.760693197852742,397.0965270996094,47.0
179.0,177.0,27.25623894291995,397.0965270996094,47.0
179.0,176.0,27.554928339687457,397.0965270996094,47.0
179.0,175.0,33.2458086003935,397.0965270996094,47.0
180.0,181.0,5.696586063497773,422.48626708984375,48.0
180.0,184.0,18.610786288252235,422.48626708984375,48.0
180.0,182.0,18.72095612065825,422.48626708984375,48.0
180.0,183.0,19.106029429910592,422.48626708984375,48.0
181.0,180.0,5.696586063497773,422.48626708984375,48.0
181.0,182.0,13.024370057160475,422.48626708984375,48.0
181.0,184.0,20.09246385546312,422.48626708984375,48.0
181.0,183.0,24.802615493408364,422.48626708984375,48.0
182.0,181.0,13.024370057160475,422.48626708984375,48.0
182.0,180.0,18.72095612065825,422.48626708984375,48.0
182.0,184.0,29.35913703024243,422.48626708984375,48.0
182.0,183.0,37.82698555056884,422.48626708984375,48.0
183.0,180.0,19.106029429910592,422.48626708984375,48.0
183.0,184.0,24.003210082646277,422.48626708984375,48.0
183.0,181.0,24.802615493408364,422.48626708984375,48.0
183.0,182.0,37.82698555056884,422.48626708984375,48.0
184.0,180.0,18.610786288252235,422.48626708984375,48.0
184.0,181.0,20.09246385546312,422.48626708984375,48.0
184.0,183.0,24.003210082646277,422.48626708984375,48.0
184.0,182.0,29.35913703024243,422.48626708984375,48.0
185.0,188.0,11.893196998023825,359.1479797363281,49.0
185.0,189.0,15.624300451834944,359.1479797363281,49.0
185.0,187.0,16.505688225032763,359.1479797363281,49.0
185.0,186.0,19.486274260741077,359.1479797363281,49.0
186.0,189.0,3.8619738089061353,359.1479797363281,49.0
186.0,185.0,19.486274260741077,359.1479797363281,49.0
186.0,188.0,23.965149770495252,359.1479797363281,49.0
186.0,187.0,31.534163946621263,359.1479797363281,49.0
187.0,188.0,7.569014176126014,359.1479797363281,49.0
187.0,185.0,16.505688225032763,359.1479797363281,49.0
187.0,189.0,28.351621893669822,359.1479797363281,49.0
187.0,186.0,31.534163946621263,359.1479797363281,49.0
188.0,187.0,7.569014176126014,359.1479797363281,49.0
188.0,185.0,11.893196998023825,359.1479797363281,49.0
188.0,189.0,20.78260771754381,359.1479797363281,49.0
188.0,186.0,23.965149770495252,359.1479797363281,49.0
189.0,186.0,3.8619738089061353,359.1479797363281,49.0
189.0,185.0,15.624300451834944,359.1479797363281,49.0
189.0,188.0,20.78260771754381,359.1479797363281,49.0
189.0,187.0,28.351621893669822,359.1479797363281,49.0
190.0,191.0,8.474082958865385,354.7940979003906,50.0
190.0,192.0,13.410186709227279,354.7940979003906,50.0
190.0,193.0,15.19491909139541,354.7940979003906,50.0
190.0,194.0,18.88366892048847,354.7940979003906,50.0
191.0,190.0,8.474082958865385,354.7940979003906,50.0
191.0,194.0,11.81115571411603,354.7940979003906,50.0
191.0,192.0,21.060324062608853,354.7940979003906,50.0
191.0,193.0,22.845056444776986,354.7940979003906,50.0
192.0,193.0,3.9155137708500094,354.7940979003906,50.0
192.0,190.0,13.410186709227279,354.7940979003906,50.0
192.0,191.0,21.060324062608853,354.7940979003906,50.0
192.0,194.0,28.943312623564704,354.7940979003906,50.0
193.0,192.0,3.9155137708500094,354.7940979003906,50.0
193.0,190.0,15.19491909139541,354.7940979003906,50.0
193.0,191.0,22.845056444776986,354.7940979003906,50.0
193.0,194.0,32.85882639441472,354.7940979003906,50.0
194.0,191.0,11.81115571411603,354.7940979003906,50.0
194.0,190.0,18.88366892048847,354.7940979003906,50.0
194.0,192.0,28.943312623564704,354.7940979003906,50.0
194.0,193.0,32.85882639441472,354.7940979003906,50.0
195.0,198.0,6.785688093476141,324.711669921875,51.0
195.0,197.0,7.674361878372817,324.711669921875,51.0
195.0,199.0,19.215930471738567,324.711669921875,51.0
195.0,196.0,20.54037648717178,324.711669921875,51.0
196.0,199.0,18.233035649821034,324.711669921875,51.0
196.0,197.0,19.840062402000395,324.711669921875,51.0
196.0,195.0,20.54037648717178,324.711669921875,51.0
196.0,198.0,25.017971333899222,324.711669921875,51.0
197.0,198.0,5.998093272028152,324.711669921875,51.0
197.0,195.0,7.674361878372817,324.711669921875,51.0
197.0,199.0,16.93620550747305,324.711669921875,51.0
197.0,196.0,19.840062402000395,324.711669921875,51.0
198.0,197.0,5.998093272028152,324.711669921875,51.0
198.0,195.0,6.785688093476141,324.711669921875,51.0
198.0,199.0,22.114114439371882,324.711669921875,51.0
198.0,196.0,25.017971333899222,324.711669921875,51.0
199.0,197.0,16.93620550747305,324.711669921875,51.0
199.0,196.0,18.233035649821034,324.711669921875,51.0
199.0,195.0,19.215930471738567,324.711669921875,51.0
199.0,198.0,22.114114439371882,324.711669921875,51.0
200.0,202.0,11.596729494430058,494.3629455566406,52.0
200.0,204.0,14.872572160820397,494.3629455566406,52.0
200.0,201.0,16.403726740475374,494.3629455566406,52.0
200.0,203.0,37.69845669436914,494.3629455566406,52.0
201.0,202.0,8.896895996960462,494.3629455566406,52.0
201.0,200.0,16.403726740475374,494.3629455566406,52.0
201.0,203.0,21.29472995389377,494.3629455566406,52.0
201.0,204.0,31.27629890129577,494.3629455566406,52.0
202.0,201.0,8.896895996960462,494.3629455566406,52.0
202.0,200.0,11.596729494430058,494.3629455566406,52.0
202.0,204.0,22.379402904335308,494.3629455566406,52.0
202.0,203.0,30.19162595085423,494.3629455566406,52.0
203.0,201.0,21.29472995389377,494.3629455566406,52.0
203.0,202.0,30.19162595085423,494.3629455566406,52.0
203.0,200.0,37.69845669436914,494.3629455566406,52.0
203.0,204.0,52.57102885518954,494.3629455566406,52.0
204.0,200.0,14.872572160820397,494.3629455566406,52.0
204.0,202.0,22.379402904335308,494.3629455566406,52.0
204.0,201.0,31.27629890129577,494.3629455566406,52.0
204.0,203.0,52.57102885518954,494.3629455566406,52.0
205.0,207.0,11.426430225839727,369.9635009765625,53.0
205.0,208.0,19.05245528455731,369.9635009765625,53.0
205.0,206.0,22.00409651085971,369.9635009765625,53.0
205.0,209.0,25.968938308707585,369.9635009765625,53.0
206.0,209.0,3.9648417978478783,369.9635009765625,53.0
206.0,208.0,20.325901045722965,369.9635009765625,53.0
206.0,207.0,20.477899063152027,369.9635009765625,53.0
206.0,205.0,22.00409651085971,369.9635009765625,53.0
207.0,205.0,11.426430225839727,369.9635009765625,53.0
207.0,208.0,20.25711101917749,369.9635009765625,53.0
207.0,206.0,20.477899063152027,369.9635009765625,53.0
207.0,209.0,24.442740860999905,369.9635009765625,53.0
208.0,209.0,17.06134001657343,369.9635009765625,53.0
208.0,205.0,19.05245528455731,369.9635009765625,53.0
208.0,207.0,20.25711101917749,369.9635009765625,53.0
208.0,206.0,20.325901045722965,369.9635009765625,53.0
209.0,206.0,3.9648417978478783,369.9635009765625,53.0
209.0,208.0,17.06134001657343,369.9635009765625,53.0
209.0,207.0,24.442740860999905,369.9635009765625,53.0
209.0,205.0,25.968938308707585,369.9635009765625,53.0
210.0,211.0,13.032440678667406,451.0861511230469,54.0
210.0,212.0,20.647504121265886,451.0861511230469,54.0
210.0,214.0,21.216758065744287,451.0861511230469,54.0
210.0,213.0,23.662842026633996,451.0861511230469,54.0
211.0,210.0,13.032440678667406,451.0861511230469,54.0
211.0,214.0,16.67257725697513,451.0861511230469,54.0
211.0,212.0,26.23585049192682,451.0861511230469,54.0
211.0,213.0,30.4335089383234,451.0861511230469,54.0
212.0,214.0,16.84454733914981,451.0861511230469,54.0
212.0,210.0,20.647504121265886,451.0861511230469,54.0
212.0,211.0,26.23585049192682,451.0861511230469,54.0
212.0,213.0,29.209757561405922,451.0861511230469,54.0
213.0,210.0,23.662842026633996,451.0861511230469,54.0
213.0,214.0,27.58728899061951,451.0861511230469,54.0
213.0,212.0,29.209757561405922,451.0861511230469,54.0
213.0,211.0,30.4335089383234,451.0861511230469,54.0
214.0,211.0,16.67257725697513,451.0861511230469,54.0
214.0,212.0,16.84454733914981,451.0861511230469,54.0
214.0,210.0,21.216758065744287,451.0861511230469,54.0
214.0,213.0,27.58728899061951,451.0861511230469,54.0
215.0,219.0,18.161966167509775,554.8271484375,55.0
215.0,216.0,26.627955697352913,554.8271484375,55.0
215.0,218.0,27.332837510144394,554.8271484375,55.0
215.0,217.0,39.52621979717753,554.8271484375,55.0
216.0,217.0,17.62639199467924,554.8271484375,55.0
216.0,218.0,19.387897549234275,554.8271484375,55.0
216.0,219.0,26.10690612841989,554.8271484375,55.0
216.0,215.0,26.627955697352913,554.8271484375,55.0
217.0,218.0,13.41529488551056,554.8271484375,55.0
217.0,216.0,17.62639199467924,554.8271484375,55.0
217.0,215.0,39.52621979717753,554.8271484375,55.0
217.0,219.0,43.733298123099125,554.8271484375,55.0
218.0,217.0,13.41529488551056,554.8271484375,55.0
218.0,216.0,19.387897549234275,554.8271484375,55.0
218.0,215.0,27.332837510144394,554.8271484375,55.0
218.0,219.0,45.49480367765416,554.8271484375,55.0
219.0,215.0,18.161966167509775,554.8271484375,55.0
219.0,216.0,26.10690612841989,554.8271484375,55.0
219.0,217.0,43.733298123099125,554.8271484375,55.0
219.0,218.0,45.49480367765416,554.8271484375,55.0
220.0,224.0,20.353483119849855,399.08551025390625,56.0
220.0,223.0,21.712462765831678,399.08551025390625,56.0
220.0,222.0,23.745743688439187,399.08551025390625,56.0
220.0,221.0,24.102033795974315,399.08551025390625,56.0
221.0,222.0,9.248038099194657,399.08551025390625,56.0
221.0,224.0,23.642383561718002,399.08551025390625,56.0
221.0,220.0,24.102033795974315,399.08551025390625,56.0
221.0,223.0,25.001363207699825,399.08551025390625,56.0
222.0,221.0,9.248038099194657,399.08551025390625,56.0
222.0,224.0,21.59156517819767,399.08551025390625,56.0
222.0,223.0,22.95054482417949,399.08551025390625,56.0
222.0,220.0,23.745743688439187,399.08551025390625,56.0
223.0,224.0,7.195142418443496,399.08551025390625,56.0
223.0,220.0,21.712462765831678,399.08551025390625,56.0
223.0,222.0,22.95054482417949,399.08551025390625,56.0
223.0,221.0,25.001363207699825,399.08551025390625,56.0
224.0,223.0,7.195142418443496,399.08551025390625,56.0
224.0,220.0,20.353483119849855,399.08551025390625,56.0
224.0,222.0,21.59156517819767,399.08551025390625,56.0
224.0,221.0,23.642383561718002,399.08551025390625,56.0
225.0,228.0,14.957781118565881,452.22747802734375,57.0
225.0,227.0,20.190986461942266,452.22747802734375,57.0
225.0,226.0,24.11535730535966,452.22747802734375,57.0
225.0,229.0,35.368877887146255,452.22747802734375,57.0
226.0,228.0,11.603985786159999,452.22747802734375,57.0
226.0,229.0,21.467615750977743,452.22747802734375,57.0
226.0,225.0,24.11535730535966,452.22747802734375,57.0
226.0,227.0,26.140509991076655,452.22747802734375,57.0
227.0,225.0,20.190986461942266,452.22747802734375,57.0
227.0,228.0,22.50625474336141,452.22747802734375,57.0
227.0,226.0,26.140509991076655,452.22747802734375,57.0
227.0,229.0,29.351274720308876,452.22747802734375,57.0
228.0,226.0,11.603985786159999,452.22747802734375,57.0
228.0,225.0,14.957781118565881,452.22747802734375,57.0
228.0,229.0,20.41109676858037,452.22747802734375,57.0
228.0,227.0,22.50625474336141,452.22747802734375,57.0
229.0,228.0,20.41109676858037,452.22747802734375,57.0
229.0,226.0,21.467615750977743,452.22747802734375,57.0
229.0,227.0,29.351274720308876,452.22747802734375,57.0
229.0,225.0,35.368877887146255,452.22747802734375,57.0
230.0,231.0,7.821414610049978,361.623046875,58.0
230.0,232.0,8.11033463118233,361.623046875,58.0
230.0,234.0,20.83155212158747,361.623046875,58.0
230.0,233.0,29.56876639237082,361.623046875,58.0
231.0,230.0,7.821414610049978,361.623046875,58.0
231.0,232.0,10.337608494764446,361.623046875,58.0
231.0,234.0,13.010137511537492,361.623046875,58.0
231.0,233.0,28.55185896927076,361.623046875,58.0
232.0,230.0,8.11033463118233,361.623046875,58.0
232.0,231.0,10.337608494764446,361.623046875,58.0
232.0,234.0,15.955427613932358,361.623046875,58.0
232.0,233.0,21.458431761188486,361.623046875,58.0
233.0,232.0,21.458431761188486,361.623046875,58.0
233.0,234.0,25.16598636627541,361.623046875,58.0
233.0,231.0,28.55185896927076,361.623046875,58.0
233.0,230.0,29.56876639237082,361.623046875,58.0
234.0,231.0,13.010137511537492,361.623046875,58.0
234.0,232.0,15.955427613932358,361.623046875,58.0
234.0,230.0,20.83155212158747,361.623046875,58.0
234.0,233.0,25.16598636627541,361.623046875,58.0
235.0,237.0,5.4802887642519975,374.0006408691406,59.0
235.0,236.0,8.534009768208271,374.0006408691406,59.0
235.0,238.0,9.061051356945416,374.0006408691406,59.0
235.0,239.0,35.99232274900997,374.0006408691406,59.0
236.0,235.0,8.534009768208271,374.0006408691406,59.0
236.0,238.0,9.534062268442357,374.0006408691406,59.0
236.0,237.0,11.687346732948223,374.0006408691406,59.0
236.0,239.0,30.43932625990408,374.0006408691406,59.0
237.0,235.0,5.4802887642519975,374.0006408691406,59.0
237.0,236.0,11.687346732948223,374.0006408691406,59.0
237.0,238.0,12.283677302549222,374.0006408691406,59.0
237.0,239.0,36.887996895101736,374.0006408691406,59.0
238.0,235.0,9.061051356945416,374.0006408691406,59.0
238.0,236.0,9.534062268442357,374.0006408691406,59.0
238.0,237.0,12.283677302549222,374.0006408691406,59.0
238.0,239.0,27.100232888529778,374.0006408691406,59.0
239.0,238.0,27.100232888529778,374.0006408691406,59.0
239.0,236.0,30.43932625990408,374.0006408691406,59.0
239.0,235.0,35.99232274900997,374.0006408691406,59.0
239.0,237.0,36.887996895101736,374.0006408691406,59.0
240.0,243.0,18.076620764692173,433.6628112792969,60.0
240.0,244.0,19.07081652022826,433.6628112792969,60.0
240.0,241.0,19.471186330366322,433.6628112792969,60.0
240.0,242.0,23.778780912230616,433.6628112792969,60.0
241.0,242.0,11.442282216245719,433.6628112792969,60.0
241.0,240.0,19.471186330366322,433.6628112792969,60.0
241.0,243.0,22.312778014543838,433.6628112792969,60.0
241.0,244.0,22.476161861397273,433.6628112792969,60.0
242.0,241.0,11.442282216245719,433.6628112792969,60.0
242.0,244.0,21.92545139765065,433.6628112792969,60.0
242.0,240.0,23.778780912230616,433.6628112792969,60.0
242.0,243.0,33.75506023078955,433.6628112792969,60.0
243.0,240.0,18.076620764692173,433.6628112792969,60.0
243.0,241.0,22.312778014543838,433.6628112792969,60.0
243.0,244.0,24.52226849321798,433.6628112792969,60.0
243.0,242.0,33.75506023078955,433.6628112792969,60.0
244.0,240.0,19.07081652022826,433.6628112792969,60.0
244.0,242.0,21.92545139765065,433.6628112792969,60.0
244.0,241.0,22.476161861397273,433.6628112792969,60.0
244.0,243.0,24.52226849321798,433.6628112792969,60.0
245.0,246.0,22.820106356429903,471.4179992675781,61.0
245.0,249.0,26.81054017838964,471.4179992675781,61.0
245.0,247.0,32.34015412042552,471.4179992675781,61.0
245.0,248.0,39.694020588498844,471.4179992675781,61.0
246.0,249.0,6.634475684962661,471.4179992675781,61.0
246.0,248.0,22.678032829240827,471.4179992675781,61.0
246.0,245.0,22.820106356429903,471.4179992675781,61.0
246.0,247.0,26.979624578086813,471.4179992675781,61.0
247.0,249.0,20.345148893124154,471.4179992675781,61.0
247.0,248.0,21.363336211438977,471.4179992675781,61.0
247.0,246.0,26.979624578086813,471.4179992675781,61.0
247.0,245.0,32.34015412042552,471.4179992675781,61.0
248.0,249.0,16.043557144278164,471.4179992675781,61.0
248.0,247.0,21.363336211438977,471.4179992675781,61.0
248.0,246.0,22.678032829240827,471.4179992675781,61.0
248.0,245.0,39.694020588498844,471.4179992675781,61.0
249.0,246.0,6.634475684962661,471.4179992675781,61.0
249.0,248.0,16.043557144278164,471.4179992675781,61.0
249.0,247.0,20.345148893124154,471.4179992675781,61.0
249.0,245.0,26.81054017838964,471.4179992675781,61.0
250.0,254.0,6.612427889064717,478.2884216308594,62.0
250.0,253.0,18.04367357204185,478.2884216308594,62.0
250.0,252.0,22.56242556461612,478.2884216308594,62.0
250.0,251.0,25.569271127811074,478.2884216308594,62.0
251.0,253.0,19.63618210513899,478.2884216308594,62.0
251.0,250.0,25.569271127811074,478.2884216308594,62.0
251.0,252.0,28.40068713498925,478.2884216308594,62.0
251.0,254.0,30.15957494896962,478.2884216308594,62.0
252.0,250.0,22.56242556461612,478.2884216308594,62.0
252.0,254.0,24.55343035743178,478.2884216308594,62.0
252.0,251.0,28.40068713498925,478.2884216308594,62.0
252.0,253.0,40.60609913665797,478.2884216308594,62.0
253.0,250.0,18.04367357204185,478.2884216308594,62.0
253.0,251.0,19.63618210513899,478.2884216308594,62.0
253.0,254.0,23.00044660420501,478.2884216308594,62.0
253.0,252.0,40.60609913665797,478.2884216308594,62.0
254.0,250.0,6.612427889064717,478.2884216308594,62.0
254.0,253.0,23.00044660420501,478.2884216308594,62.0
254.0,252.0,24.55343035743178,478.2884216308594,62.0
254.0,251.0,30.15957494896962,478.2884216308594,62.0
255.0,258.0,11.299606523067299,361.93511962890625,63.0
255.0,256.0,13.726603377865255,361.93511962890625,63.0
255.0,259.0,14.851052901129568,361.93511962890625,63.0
255.0,257.0,17.860182709369482,361.93511962890625,63.0
256.0,255.0,13.726603377865255,361.93511962890625,63.0
256.0,258.0,13.975598070040789,361.93511962890625,63.0
256.0,257.0,15.348147199345057,361.93511962890625,63.0
256.0,259.0,22.456924750314762,361.93511962890625,63.0
257.0,256.0,15.348147199345057,361.93511962890625,63.0
257.0,255.0,17.860182709369482,361.93511962890625,63.0
257.0,259.0,21.220328704291994,361.93511962890625,63.0
257.0,258.0,29.159789232436786,361.93511962890625,63.0
258.0,255.0,11.299606523067299,361.93511962890625,63.0
258.0,256.0,13.975598070040789,361.93511962890625,63.0
258.0,259.0,21.069329925461307,361.93511962890625,63.0
258.0,257.0,29.159789232436786,361.93511962890625,63.0
259.0,255.0,14.851052901129568,361.93511962890625,63.0
259.0,258.0,21.069329925461307,361.93511962890625,63.0
259.0,257.0,21.220328704291994,361.93511962890625,63.0
259.0,256.0,22.456924750314762,361.93511962890625,63.0
260.0,263.0,5.084878930940043,265.81463623046875,64.0
260.0,264.0,9.612628766542212,265.81463623046875,64.0
260.0,262.0,13.234522341977424,265.81463623046875,64.0
260.0,261.0,24.983584407059773,265.81463623046875,64.0
261.0,262.0,11.749062065082349,265.81463623046875,64.0
261.0,264.0,15.370955640517561,265.81463623046875,64.0
261.0,263.0,23.362108391385526,265.81463623046875,64.0
261.0,260.0,24.983584407059773,265.81463623046875,64.0
262.0,264.0,8.096595631067641,265.81463623046875,64.0
262.0,263.0,11.613046326303177,265.81463623046875,64.0
262.0,261.0,11.749062065082349,265.81463623046875,64.0
262.0,260.0,13.234522341977424,265.81463623046875,64.0
263.0,260.0,5.084878930940043,265.81463623046875,64.0
263.0,264.0,9.799929848076625,265.81463623046875,64.0
263.0,262.0,11.613046326303177,265.81463623046875,64.0
263.0,261.0,23.362108391385526,265.81463623046875,64.0
264.0,262.0,8.096595631067641,265.81463623046875,64.0
264.0,260.0,9.612628766542212,265.81463623046875,64.0
264.0,263.0,9.799929848076625,265.81463623046875,64.0
264.0,261.0,15.370955640517561,265.81463623046875,64.0
265.0,266.0,9.144301745423702,329.8524169921875,65.0
265.0,269.0,14.88525661333442,329.8524169921875,65.0
265.0,267.0,17.199538511115747,329.8524169921875,65.0
265.0,268.0,18.011529194401273,329.8524169921875,65.0
266.0,265.0,9.144301745423702,329.8524169921875,65.0
266.0,268.0,11.315245012238295,329.8524169921875,65.0
266.0,269.0,11.666535978575034,329.8524169921875,65.0
266.0,267.0,21.838796862633465,329.8524169921875,65.0
267.0,265.0,17.199538511115747,329.8524169921875,65.0
267.0,266.0,21.838796862633465,329.8524169921875,65.0
267.0,268.0,24.65782479194754,329.8524169921875,65.0
267.0,269.0,25.964849830573655,329.8524169921875,65.0
268.0,269.0,10.24232249133195,329.8524169921875,65.0
268.0,266.0,11.315245012238295,329.8524169921875,65.0
268.0,265.0,18.011529194401273,329.8524169921875,65.0
268.0,267.0,24.65782479194754,329.8524169921875,65.0
269.0,268.0,10.24232249133195,329.8524169921875,65.0
269.0,266.0,11.666535978575034,329.8524169921875,65.0
269.0,265.0,14.88525661333442,329.8524169921875,65.0
269.0,267.0,25.964849830573655,329.8524169921875,65.0
270.0,272.0,5.49542359545152,308.1264953613281,66.0
270.0,271.0,10.680887541768769,308.1264953613281,66.0
270.0,274.0,18.254257670712306,308.1264953613281,66.0
270.0,273.0,22.211224383305346,308.1264953613281,66.0
271.0,270.0,10.680887541768769,308.1264953613281,66.0
271.0,272.0,14.715784576539827,308.1264953613281,66.0
271.0,274.0,15.032383956181443,308.1264953613281,66.0
271.0,273.0,20.15839821935778,308.1264953613281,66.0
272.0,270.0,5.49542359545152,308.1264953613281,66.0
272.0,271.0,14.715784576539827,308.1264953613281,66.0
272.0,274.0,15.129233046419372,308.1264953613281,66.0
272.0,273.0,19.086199759012416,308.1264953613281,66.0
273.0,274.0,13.299457457849016,308.1264953613281,66.0
273.0,272.0,19.086199759012416,308.1264953613281,66.0
273.0,271.0,20.15839821935778,308.1264953613281,66.0
273.0,270.0,22.211224383305346,308.1264953613281,66.0
274.0,273.0,13.299457457849016,308.1264953613281,66.0
274.0,271.0,15.032383956181443,308.1264953613281,66.0
274.0,272.0,15.129233046419372,308.1264953613281,66.0
274.0,270.0,18.254257670712306,308.1264953613281,66.0
275.0,279.0,8.179342032513132,380.8840637207031,67.0
275.0,276.0,9.06857679208282,380.8840637207031,67.0
275.0,277.0,24.49066869809736,380.8840637207031,67.0
275.0,278.0,26.095817710390218,380.8840637207031,67.0
276.0,275.0,9.06857679208282,380.8840637207031,67.0
276.0,279.0,12.778422905387025,380.8840637207031,67.0
276.0,278.0,24.942412546164775,380.8840637207031,67.0
276.0,277.0,26.063970065390222,380.8840637207031,67.0
277.0,278.0,12.453053888458214,380.8840637207031,67.0
277.0,279.0,22.382310820429602,380.8840637207031,67.0
277.0,275.0,24.49066869809736,380.8840637207031,67.0
277.0,276.0,26.063970065390222,380.8840637207031,67.0
278.0,277.0,12.453053888458214,380.8840637207031,67.0
278.0,279.0,23.987459832722458,380.8840637207031,67.0
278.0,276.0,24.942412546164775,380.8840637207031,67.0
278.0,275.0,26.095817710390218,380.8840637207031,67.0
279.0,275.0,8.179342032513132,380.8840637207031,67.0
279.0,276.0,12.778422905387025,380.8840637207031,67.0
279.0,277.0,22.382310820429602,380.8840637207031,67.0
279.0,278.0,23.987459832722458,380.8840637207031,67.0
280.0,283.0,16.980251611383025,480.93682861328125,68.0
280.0,284.0,18.044938255362325,480.93682861328125,68.0
280.0,281.0,33.60349621889516,480.93682861328125,68.0
280.0,282.0,35.343122322170686,480.93682861328125,68.0
281.0,282.0,18.092599815744656,480.93682861328125,68.0
281.0,283.0,24.09363800376425,480.93682861328125,68.0
281.0,284.0,30.957231801906403,480.93682861328125,68.0
281.0,280.0,33.60349621889516,480.93682861328125,68.0
282.0,284.0,17.298184066808357,480.93682861328125,68.0
282.0,281.0,18.092599815744656,480.93682861328125,68.0
282.0,283.0,29.005610746059062,480.93682861328125,68.0
282.0,280.0,35.343122322170686,480.93682861328125,68.0
283.0,280.0,16.980251611383025,480.93682861328125,68.0
283.0,284.0,17.049339451653854,480.93682861328125,68.0
283.0,281.0,24.09363800376425,480.93682861328125,68.0
283.0,282.0,29.005610746059062,480.93682861328125,68.0
284.0,283.0,17.049339451653854,480.93682861328125,68.0
284.0,282.0,17.298184066808357,480.93682861328125,68.0
284.0,280.0,18.044938255362325,480.93682861328125,68.0
284.0,281.0,30.957231801906403,480.93682861328125,68.0
285.0,288.0,8.96126135790348,474.5622253417969,69.0
285.0,286.0,23.18827281634841,474.5622253417969,69.0
285.0,289.0,25.89893457886419,474.5622253417969,69.0
285.0,287.0,35.011041887008076,474.5622253417969,69.0
286.0,287.0,14.406183958324345,474.5622253417969,69.0
286.0,289.0,20.464953646064906,474.5622253417969,69.0
286.0,285.0,23.18827281634841,474.5622253417969,69.0
286.0,288.0,24.3501943719623,474.5622253417969,69.0
287.0,286.0,14.406183958324345,474.5622253417969,69.0
287.0,289.0,16.21361170752832,474.5622253417969,69.0
287.0,285.0,35.011041887008076,474.5622253417969,69.0
287.0,288.0,36.17296344262197,474.5622253417969,69.0
288.0,285.0,8.96126135790348,474.5622253417969,69.0
288.0,286.0,24.3501943719623,474.5622253417969,69.0
288.0,289.0,32.6136878877998,474.5622253417969,69.0
288.0,287.0,36.17296344262197,474.5622253417969,69.0
289.0,287.0,16.21361170752832,474.5622253417969,69.0
289.0,286.0,20.464953646064906,474.5622253417969,69.0
289.0,285.0,25.89893457886419,474.5622253417969,69.0
289.0,288.0,32.6136878877998,474.5622253417969,69.0
290.0,294.0,7.024590308758998,341.97998046875,70.0
290.0,291.0,12.781834479115979,341.97998046875,70.0
290.0,292.0,14.966540451651948,341.97998046875,70.0
290.0,293.0,22.51720818432983,341.97998046875,70.0
291.0,293.0,12.278876229741627,341.97998046875,70.0
291.0,290.0,12.781834479115979,341.97998046875,70.0
291.0,292.0,16.04433753251063,341.97998046875,70.0
291.0,294.0,17.262922263347203,341.97998046875,70.0
292.0,294.0,10.24867403966,341.97998046875,70.0
292.0,290.0,14.966540451651948,341.97998046875,70.0
292.0,291.0,16.04433753251063,341.97998046875,70.0
292.0,293.0,28.323213762252255,341.97998046875,70.0
293.0,291.0,12.278876229741627,341.97998046875,70.0
293.0,290.0,22.51720818432983,341.97998046875,70.0
293.0,292.0,28.323213762252255,341.97998046875,70.0
293.0,294.0,29.541798493088834,341.97998046875,70.0
294.0,290.0,7.024590308758998,341.97998046875,70.0
294.0,292.0,10.24867403966,341.97998046875,70.0
294.0,291.0,17.262922263347203,341.97998046875,70.0
294.0,293.0,29.541798493088834,341.97998046875,70.0
295.0,299.0,12.580993473691219,372.81732177734375,71.0
295.0,298.0,13.660910786991884,372.81732177734375,71.0
295.0,297.0,14.457799734337947,372.81732177734375,71.0
295.0,296.0,20.761840926008464,372.81732177734375,71.0
296.0,299.0,17.689712283314726,372.81732177734375,71.0
296.0,297.0,19.471484458180264,372.81732177734375,71.0
296.0,295.0,20.761840926008464,372.81732177734375,71.0
296.0,298.0,34.42275171300035,372.81732177734375,71.0
297.0,299.0,2.90922979188441,372.81732177734375,71.0
297.0,295.0,14.457799734337947,372.81732177734375,71.0
297.0,296.0,19.471484458180264,372.81732177734375,71.0
297.0,298.0,26.68158202988122,372.81732177734375,71.0
298.0,295.0,13.660910786991884,372.81732177734375,71.0
298.0,299.0,23.77235223799681,372.81732177734375,71.0
298.0,297.0,26.68158202988122,372.81732177734375,71.0
298.0,296.0,34.42275171300035,372.81732177734375,71.0
299.0,297.0,2.90922979188441,372.81732177734375,71.0
299.0,295.0,12.580993473691219,372.81732177734375,71.0
299.0,296.0,17.689712283314726,372.81732177734375,71.0
299.0,298.0,23.77235223799681,372.81732177734375,71.0
300.0,304.0,7.02386452668241,355.1091003417969,72.0
300.0,301.0,14.197505407014168,355.1091003417969,72.0
300.0,303.0,14.253690751022422,355.1091003417969,72.0
300.0,302.0,18.325332723116922,355.1091003417969,72.0
301.0,304.0,7.173640880331758,355.1091003417969,72.0
301.0,300.0,14.197505407014168,355.1091003417969,72.0
301.0,302.0,20.512757985959908,355.1091003417969,72.0
301.0,303.0,27.05502632036324,355.1091003417969,72.0
302.0,304.0,16.02615887159467,355.1091003417969,72.0
302.0,300.0,18.325332723116922,355.1091003417969,72.0
302.0,301.0,20.512757985959908,355.1091003417969,72.0
302.0,303.0,32.57902347413934,355.1091003417969,72.0
303.0,300.0,14.253690751022422,355.1091003417969,72.0
303.0,304.0,20.407550165295497,355.1091003417969,72.0
303.0,301.0,27.05502632036324,355.1091003417969,72.0
303.0,302.0,32.57902347413934,355.1091003417969,72.0
304.0,300.0,7.02386452668241,355.1091003417969,72.0
304.0,301.0,7.173640880331758,355.1091003417969,72.0
304.0,302.0,16.02615887159467,355.1091003417969,72.0
304.0,303.0,20.407550165295497,355.1091003417969,72.0
305.0,309.0,16.581026916622307,322.45941162109375,73.0
305.0,308.0,19.150780116446192,322.45941162109375,73.0
305.0,307.0,19.60184121419433,322.45941162109375,73.0
305.0,306.0,22.102763086005176,322.45941162109375,73.0
306.0,308.0,10.320806095266917,322.45941162109375,73.0
306.0,307.0,11.963644186366015,322.45941162109375,73.0
306.0,309.0,14.742005904521788,322.45941162109375,73.0
306.0,305.0,22.102763086005176,322.45941162109375,73.0
307.0,306.0,11.963644186366015,322.45941162109375,73.0
307.0,308.0,13.85222987840601,322.45941162109375,73.0
307.0,305.0,19.60184121419433,322.45941162109375,73.0
307.0,309.0,23.38341868930629,322.45941162109375,73.0
308.0,309.0,9.531188810900279,322.45941162109375,73.0
308.0,306.0,10.320806095266917,322.45941162109375,73.0
308.0,307.0,13.85222987840601,322.45941162109375,73.0
308.0,305.0,19.150780116446192,322.45941162109375,73.0
309.0,308.0,9.531188810900279,322.45941162109375,73.0
309.0,306.0,14.742005904521788,322.45941162109375,73.0
309.0,305.0,16.581026916622307,322.45941162109375,73.0
309.0,307.0,23.38341868930629,322.45941162109375,73.0
310.0,311.0,13.300639694021152,417.9949035644531,74.0
310.0,314.0,19.547815307359357,417.9949035644531,74.0
310.0,313.0,23.66911625683767,417.9949035644531,74.0
310.0,312.0,25.19770917087876,417.9949035644531,74.0
311.0,310.0,13.300639694021152,417.9949035644531,74.0
311.0,312.0,14.727781497155926,417.9949035644531,74.0
311.0,313.0,16.491862664147874,417.9949035644531,74.0
311.0,314.0,26.750556757031507,417.9949035644531,74.0
312.0,311.0,14.727781497155926,417.9949035644531,74.0
312.0,314.0,17.526319884292647,417.9949035644531,74.0
312.0,313.0,18.77600269631692,417.9949035644531,74.0
312.0,310.0,25.19770917087876,417.9949035644531,74.0
313.0,311.0,16.491862664147874,417.9949035644531,74.0
313.0,312.0,18.77600269631692,417.9949035644531,74.0
313.0,310.0,23.66911625683767,417.9949035644531,74.0
313.0,314.0,33.00964849957652,417.9949035644531,74.0
314.0,312.0,17.526319884292647,417.9949035644531,74.0
314.0,310.0,19.547815307359357,417.9949035644531,74.0
314.0,311.0,26.750556757031507,417.9949035644531,74.0
314.0,313.0,33.00964849957652,417.9949035644531,74.0
315.0,317.0,24.62996875957323,385.0729675292969,75.0
315.0,318.0,27.235312757932668,385.0729675292969,75.0
315.0,316.0,28.857869845911736,385.0729675292969,75.0
315.0,319.0,32.49596078321039,385.0729675292969,75.0
316.0,319.0,6.412610920345573,385.0729675292969,75.0
316.0,317.0,6.565364082041629,385.0729675292969,75.0
316.0,318.0,17.602330267848476,385.0729675292969,75.0
316.0,315.0,28.857869845911736,385.0729675292969,75.0
317.0,316.0,6.565364082041629,385.0729675292969,75.0
317.0,319.0,10.064808043194706,385.0729675292969,75.0
317.0,318.0,20.371009980839478,385.0729675292969,75.0
317.0,315.0,24.62996875957323,385.0729675292969,75.0
318.0,316.0,17.602330267848476,385.0729675292969,75.0
318.0,319.0,18.301244456800326,385.0729675292969,75.0
318.0,317.0,20.371009980839478,385.0729675292969,75.0
318.0,315.0,27.235312757932668,385.0729675292969,75.0
319.0,316.0,6.412610920345573,385.0729675292969,75.0
319.0,317.0,10.064808043194706,385.0729675292969,75.0
319.0,318.0,18.301244456800326,385.0729675292969,75.0
319.0,315.0,32.49596078321039,385.0729675292969,75.0
320.0,321.0,17.135181327423208,509.6910400390625,76.0
320.0,322.0,27.36494215070864,509.6910400390625,76.0
320.0,324.0,41.27029669997388,509.6910400390625,76.0
320.0,323.0,47.63565477342116,509.6910400390625,76.0
321.0,320.0,17.135181327423208,509.6910400390625,76.0
321.0,324.0,24.13511537255068,509.6910400390625,76.0
321.0,322.0,25.48614006632194,509.6910400390625,76.0
321.0,323.0,30.500473445997947,509.6910400390625,76.0
322.0,324.0,14.313798178360052,509.6910400390625,76.0
322.0,323.0,20.638554795979736,509.6910400390625,76.0
322.0,321.0,25.48614006632194,509.6910400390625,76.0
322.0,320.0,27.36494215070864,509.6910400390625,76.0
323.0,324.0,6.365358073447272,509.6910400390625,76.0
323.0,322.0,20.638554795979736,509.6910400390625,76.0
323.0,321.0,30.500473445997947,509.6910400390625,76.0
323.0,320.0,47.63565477342116,509.6910400390625,76.0
324.0,323.0,6.365358073447272,509.6910400390625,76.0
324.0,322.0,14.313798178360052,509.6910400390625,76.0
324.0,321.0,24.13511537255068,509.6910400390625,76.0
324.0,320.0,41.27029669997388,509.6910400390625,76.0
325.0,326.0,14.368244196874898,423.36700439453125,77.0
325.0,328.0,16.519587379677347,423.36700439453125,77.0
325.0,327.0,17.5869006593223,423.36700439453125,77.0
325.0,329.0,18.255519034982203,423.36700439453125,77.0
326.0,327.0,12.30482126994985,423.36700439453125,77.0
326.0,325.0,14.368244196874898,423.36700439453125,77.0
326.0,328.0,25.929700456234954,423.36700439453125,77.0
326.0,329.0,30.01323151466349,423.36700439453125,77.0
327.0,326.0,12.30482126994985,423.36700439453125,77.0
327.0,328.0,13.624879186285106,423.36700439453125,77.0
327.0,325.0,17.5869006593223,423.36700439453125,77.0
327.0,329.0,35.8424196943045,423.36700439453125,77.0
328.0,327.0,13.624879186285106,423.36700439453125,77.0
328.0,325.0,16.519587379677347,423.36700439453125,77.0
328.0,326.0,25.929700456234954,423.36700439453125,77.0
328.0,329.0,27.238192654776757,423.36700439453125,77.0
329.0,325.0,18.255519034982203,423.36700439453125,77.0
329.0,328.0,27.238192654776757,423.36700439453125,77.0
329.0,326.0,30.01323151466349,423.36700439453125,77.0
329.0,327.0,35.8424196943045,423.36700439453125,77.0
330.0,334.0,9.989403126569936,482.94085693359375,78.0
330.0,333.0,15.419025646819552,482.94085693359375,78.0
330.0,331.0,24.036098262526437,482.94085693359375,78.0
330.0,332.0,29.815411626312734,482.94085693359375,78.0
331.0,332.0,16.299775109305635,482.94085693359375,78.0
331.0,333.0,22.922560710358997,482.94085693359375,78.0
331.0,330.0,24.036098262526437,482.94085693359375,78.0
331.0,334.0,34.02550138909638,482.94085693359375,78.0
332.0,331.0,16.299775109305635,482.94085693359375,78.0
332.0,333.0,26.109142438269856,482.94085693359375,78.0
332.0,330.0,29.815411626312734,482.94085693359375,78.0
332.0,334.0,39.80481475288267,482.94085693359375,78.0
333.0,330.0,15.419025646819552,482.94085693359375,78.0
333.0,331.0,22.922560710358997,482.94085693359375,78.0
333.0,334.0,23.048691797941487,482.94085693359375,78.0
333.0,332.0,26.109142438269856,482.94085693359375,78.0
334.0,330.0,9.989403126569936,482.94085693359375,78.0
334.0,333.0,23.048691797941487,482.94085693359375,78.0
334.0,331.0,34.02550138909638,482.94085693359375,78.0
334.0,332.0,39.80481475288267,482.94085693359375,78.0
335.0,339.0,14.194853631332702,397.1408386230469,79.0
335.0,338.0,16.70043138977293,397.1408386230469,79.0
335.0,336.0,24.06902247251994,397.1408386230469,79.0
335.0,337.0,29.219976402441095,397.1408386230469,79.0
336.0,338.0,11.634796311911353,397.1408386230469,79.0
336.0,337.0,16.771430694290473,397.1408386230469,79.0
336.0,335.0,24.06902247251994,397.1408386230469,79.0
336.0,339.0,27.671667387947174,397.1408386230469,79.0
337.0,336.0,16.771430694290473,397.1408386230469,79.0
337.0,338.0,21.11444954361035,397.1408386230469,79.0
337.0,339.0,21.156923102433097,397.1408386230469,79.0
337.0,335.0,29.219976402441095,397.1408386230469,79.0
338.0,336.0,11.634796311911353,397.1408386230469,79.0
338.0,339.0,16.03687107603582,397.1408386230469,79.0
338.0,335.0,16.70043138977293,397.1408386230469,79.0
338.0,337.0,21.11444954361035,397.1408386230469,79.0
339.0,335.0,14.194853631332702,397.1408386230469,79.0
339.0,338.0,16.03687107603582,397.1408386230469,79.0
339.0,337.0,21.156923102433097,397.1408386230469,79.0
339.0,336.0,27.671667387947174,397.1408386230469,79.0
